filename,area,predict,estimated_error,error,error_rel
147.jpg,20.623,20.5780029296875,5.859886881410032,0.04499707031250111,0.2181887713354076
148.jpg,20.623,20.697021484375,6.8261037037823415,-0.07402148437499889,0.35892685048246564
149.jpg,20.623,22.7294921875,6.017632739555555,-2.106492187499999,10.214285930756915
150.jpg,20.623,22.62725830078125,5.8571049745806585,-2.004258300781249,9.71855840945182
151.jpg,20.623,20.587158203125,6.2234651894177455,0.03584179687500111,0.17379526196480197
152.jpg,20.623,20.697021484375,7.628037571297807,-0.07402148437499889,0.35892685048246564
153.jpg,20.623,20.623779296875,6.769119731442081,-0.0007792968749988916,0.0037787755176205765
154.jpg,20.623,20.67108154296875,6.248835081607041,-0.04808154296874889,0.23314524059908304
4.jpg,22.713,25.070465087890625,3.9651671478927693,-2.357465087890624,10.379364627704945
161.jpg,33.924,34.62409973144531,4.458293395148161,-0.700099731445313,2.063729900499095
160.jpg,33.924,33.54095458984375,7.909164174180295,0.3830454101562495,1.1291280808756323
159.jpg,33.924,33.42431640625,7.555352745635249,0.4996835937499995,1.4729501053826186
162.jpg,33.924,34.572601318359375,4.357352158695832,-0.6486013183593755,1.9119246502752492
157.jpg,33.924,34.43183898925781,4.487186937707399,-0.507838989257813,1.4969902996634037
156.jpg,33.924,34.64469909667969,4.458935110339332,-0.720699096679688,2.124452000588634
155.jpg,33.924,34.62409973144531,4.504147772469168,-0.700099731445313,2.063729900499095
158.jpg,33.924,34.45930480957031,4.623497263941067,-0.535304809570313,1.577953099782788
170.jpg,36.583,39.21875,3.0161910950374207,-2.6357500000000016,7.204849246917972
168.jpg,36.583,38.27705383300781,2.945121662685523,-1.694053833007814,4.630713263012367
167.jpg,36.583,38.397216796875,3.321549675959151,-1.8142167968750016,4.959179938427689
169.jpg,36.583,39.1328125,3.868639031916509,-2.5498125000000016,6.969938222671737
165.jpg,36.583,39.44921875,2.4389439328885425,-2.8662187500000016,7.834837902851055
164.jpg,36.583,39.31640625,2.610294327388877,-2.7334062500000016,7.47179359265233
163.jpg,36.583,39.2265625,4.136093874380783,-2.6435625000000016,7.226204794576721
166.jpg,36.583,39.234375,3.4795328967208503,-2.6513750000000016,7.247560342235469
171.jpg,37.823,37.7608642578125,3.422168909559492,0.0621357421875004,0.16428031141765698
172.jpg,37.823,37.78778076171875,3.5412863645946437,0.0352192382812504,0.09311593020450624
173.jpg,37.823,37.8326416015625,3.6524047351968085,-0.009641601562499602,0.02549137181741163
174.jpg,37.823,35.48081970214844,5.449754888112334,2.342180297851563,6.1924762653717655
175.jpg,37.823,37.81170654296875,3.6268495288395064,0.011293457031250398,0.029858702459483376
176.jpg,37.823,35.653594970703125,5.98566464504673,2.1694050292968754,5.735676782108441
178.jpg,37.823,37.81170654296875,3.4464645979631263,0.011293457031250398,0.029858702459483376
177.jpg,37.823,37.84759521484375,3.7851775479170096,-0.024595214843749602,0.06502713915805092
179.jpg,38.342,39.0234375,5.742576102749417,-0.6814375000000013,1.7772612278963051
180.jpg,38.342,38.94921875,5.698341173901987,-0.6072187500000013,1.5836908611966023
182.jpg,38.342,38.70964050292969,5.562183275217649,-0.36764050292968875,0.9588453991176484
183.jpg,38.342,38.50364685058594,4.5773161201638635,-0.16164685058593875,0.4215921198318783
184.jpg,38.342,39.07421875,6.644024237191474,-0.7322187500000013,1.909704110375049
185.jpg,38.342,39.18359375,5.5969723454818565,-0.8415937500000013,2.1949657034061896
186.jpg,38.342,39.3515625,3.810318116756137,-1.0095625000000013,2.6330460069897277
181.jpg,38.342,39.37890625,4.003153530524392,-1.0369062500000013,2.7043614052475125
194.jpg,43.564,44.93751525878906,5.222422336908748,-1.3735152587890624,3.1528676402283136
193.jpg,43.564,44.93064880371094,4.902379329983884,-1.3666488037109374,3.1371058757481807
192.jpg,43.564,45.613861083984375,19.288750622624722,-2.049861083984375,4.705401441521382
191.jpg,43.564,45.009613037109375,6.312683947932477,-1.445613037109375,3.3183661672697067
189.jpg,43.564,44.98558044433594,4.947999150720058,-1.4215804443359374,3.263199991589242
188.jpg,43.564,45.00617980957031,6.214158394233266,-1.4421798095703124,3.31048528502964
187.jpg,43.564,44.9615478515625,5.2486876383887475,-1.3975478515625,3.208033815908778
190.jpg,43.564,45.54656982421875,19.097822534538963,-1.98256982421875,4.550936149616082
202.jpg,44.502,44.41552734375,5.107421020148941,0.08647265625000244,0.19431184272617508
201.jpg,44.502,44.316650390625,6.389867773138672,0.18534960937500244,0.4164972571457517
200.jpg,44.502,44.455078125,4.952106702934773,0.046921875000002444,0.10543767695834444
199.jpg,44.502,43.08805847167969,5.227618652250517,1.413941528320315,3.1772538949267783
197.jpg,44.502,44.33148193359375,5.101509370865636,0.17051806640625244,0.38316944498281524
196.jpg,44.502,44.31170654296875,6.2031287365621655,0.19029345703125244,0.42760652786673053
195.jpg,44.502,44.34136962890625,4.92535690326499,0.16063037109375244,0.36095090354085757
198.jpg,44.502,43.10569763183594,5.0237841323191175,1.396302368164065,3.137617114206249
203.jpg,49.17,42.37255859375,4.685999447242924,6.797441406250002,13.824367309843403
204.jpg,49.17,42.37255859375,6.376179128594415,6.797441406250002,13.824367309843403
205.jpg,49.17,49.459075927734375,34.35038293589805,-0.2890759277343733,0.5879111810745846
206.jpg,49.17,49.37255859375,34.18124604588706,-0.2025585937499983,0.41195565131177203
207.jpg,49.17,42.32470703125,6.641806415258102,6.845292968750002,13.921685923835675
208.jpg,49.17,42.3546142578125,5.170767039210158,6.815385742187502,13.860861790090507
209.jpg,49.17,42.33367919921875,9.96458352096612,6.836320800781252,13.903438683712125
210.jpg,49.17,42.22900390625,4.137538033443263,6.940996093750002,14.116323151820218
5.jpg,51.691,51.19140625,13.269612479378297,0.4995937500000025,0.966500454624601
217.jpg,52.449,57.320648193359375,8.64143170960127,-4.871648193359377,9.28835286346618
216.jpg,52.449,57.48590087890625,7.195861827061911,-5.036900878906252,9.60342595455824
213.jpg,52.449,57.86598205566406,6.7989665599170666,-5.416982055664064,10.328094064069981
214.jpg,52.449,56.6663818359375,19.79593899332658,-4.217381835937502,8.04091943781102
218.jpg,52.449,57.26005554199219,8.606056909988201,-4.811055541992189,9.172826063399093
215.jpg,52.449,56.86907958984375,20.712597850537776,-4.420079589843752,8.427385822120064
211.jpg,52.449,57.739288330078125,8.172568212131797,-5.290288330078127,10.086538027566068
212.jpg,52.449,57.37022399902344,8.151843827842374,-4.921223999023439,9.3828747907938
219.jpg,56.566,54.31097412109375,25.369817448859347,2.2550258789062525,3.9865394033628903
226.jpg,56.566,54.125762939453125,24.64219695038685,2.4402370605468775,4.313964325826252
225.jpg,56.566,54.40357971191406,22.996434881266058,2.16242028808594,3.822826942131209
224.jpg,56.566,61.2784423828125,31.140519462695224,-4.7124423828124975,8.330874346449276
220.jpg,56.566,54.28892517089844,20.316581523429306,2.277074829101565,4.0255185607990045
222.jpg,56.566,54.258056640625,24.2310190624141,2.3079433593750025,4.080089381209564
221.jpg,56.566,54.29774475097656,24.766771348334604,2.26825524902344,4.009926897824559
223.jpg,56.566,60.55082702636719,31.086257983256377,-3.984827026367185,7.044562151057498
6.jpg,58.937,59.52392578125,16.86215084329097,-0.5869257812500024,0.995852828019754
227.jpg,59.068,56.5477294921875,10.158550284381985,2.520270507812498,4.266727344437763
228.jpg,59.068,56.6268310546875,13.238822470423566,2.441168945312498,4.132811243503247
229.jpg,59.068,55.53248596191406,14.35313852767488,3.5355140380859353,5.985498134499112
230.jpg,59.068,55.519256591796875,17.138110081051025,3.548743408203123,6.007894982398461
231.jpg,59.068,56.56256103515625,10.036265099433153,2.505438964843748,4.241618075512541
232.jpg,59.068,56.58233642578125,10.807185424891918,2.485663574218748,4.208139050278913
233.jpg,59.068,56.5872802734375,11.100222374246316,2.480719726562498,4.199769293970506
234.jpg,59.068,56.537841796875,9.99904208168132,2.530158203124998,4.283466857054577
242.jpg,59.3,55.26600646972656,10.637500095622018,4.033993530273435,6.802687234862454
241.jpg,59.3,55.21092224121094,11.15340252244182,4.08907775878906,6.8955780080759865
240.jpg,59.3,55.271514892578125,10.895597696292246,4.028485107421872,6.7933981575411
238.jpg,59.3,54.678955078125,8.333735679995259,4.621044921874997,7.7926558547639075
237.jpg,59.3,55.19990539550781,11.137710105762684,4.100094604492185,6.914156162718693
236.jpg,59.3,55.315582275390625,10.927623833436087,3.984417724609372,6.7190855389702735
239.jpg,59.3,54.59490966796875,9.101122101784519,4.705090332031247,7.934385045583891
235.jpg,59.3,55.10626220703125,11.58399831090872,4.193737792968747,7.072070477181698
243.jpg,59.763,57.53453063964844,11.473704176439021,2.2284693603515606,3.7288445365051297
244.jpg,59.763,57.59185791015625,7.4947691201453015,2.171142089843748,3.6329201844682304
245.jpg,59.763,57.58744812011719,7.4941952480840355,2.1755518798828106,3.6402989807787605
246.jpg,59.763,57.56980895996094,12.903050330013029,2.1931910400390606,3.6698141660208834
247.jpg,59.763,56.21484375,37.52450570697142,3.548156249999998,5.937045078058327
248.jpg,59.763,56.16796875,38.102600446679354,3.595031249999998,6.015479895587568
249.jpg,59.763,57.635955810546875,12.979441952122992,2.127044189453123,3.559132221362922
250.jpg,59.763,57.46397399902344,11.603427479843202,2.2990260009765606,3.8469052774736214
251.jpg,63.746,63.96931457519531,23.482418924397237,-0.22331457519531028,0.3503193536775802
254.jpg,63.746,63.87567138671875,23.705705861543134,-0.12967138671874778,0.20341886035005768
253.jpg,63.746,63.776519775390625,24.438884165752754,-0.030519775390622783,0.04787716153268093
255.jpg,63.746,62.8165283203125,23.002348164291575,0.9294716796875022,1.4580862794332228
256.jpg,63.746,62.786865234375,23.32762539762022,0.9591347656250022,1.5046195300489478
257.jpg,63.746,63.79304504394531,23.554341398874275,-0.04704504394531028,0.07380077800224372
258.jpg,63.746,64.00236511230469,23.370179638838376,-0.2563651123046853,0.4021665866167058
252.jpg,63.746,63.81507873535156,24.331325515867643,-0.06907873535156028,0.10836559996166079
7.jpg,65.467,66.76759338378906,12.379539269500855,-1.3005933837890638,1.9866396562986905
266.jpg,69.544,79.20010375976562,6.589260525311605,-9.656103759765628,13.884884044296603
265.jpg,69.544,79.33230590820312,7.684444427550874,-9.788305908203128,14.074982612738882
264.jpg,69.544,79.20561218261719,5.356787524463472,-9.66161218261719,13.892804817981697
262.jpg,69.544,77.657958984375,5.63739004154081,-8.113958984375003,11.667374589288801
261.jpg,69.544,79.31578063964844,6.593419643896899,-9.77178063964844,14.051220291683597
260.jpg,69.544,79.22213745117188,5.185928914578623,-9.678137451171878,13.916567139036982
259.jpg,69.544,79.3653564453125,7.681871472188941,-9.821356445312503,14.122507254849454
263.jpg,69.544,77.50469970703125,9.263091016120836,-7.960699707031253,11.44699716299214
274.jpg,72.119,66.1015625,30.75067289645879,6.0174375,8.34376169941347
273.jpg,72.119,66.15234375,26.30194261327388,5.96665625,8.273348562792052
272.jpg,72.119,66.109375,30.586722908831106,6.009625,8.33292890916402
270.jpg,72.119,73.0625,31.986186395166087,-0.9435000000000002,1.3082544128454363
269.jpg,72.119,73.0546875,30.709752315363055,-0.9356875000000002,1.2974216225959874
268.jpg,72.119,66.03515625,29.712345027189752,6.08384375,8.435840416533784
267.jpg,72.119,66.23828125,26.172181752665946,5.88071875,8.154187870048114
271.jpg,72.119,66.140625,30.71558069163243,5.978375,8.289597748166225
275.jpg,72.712,66.57460021972656,31.759789977532485,6.137399780273441,8.440697244297283
276.jpg,72.712,66.6407470703125,30.22752787627696,6.071252929687503,8.34972622082669
277.jpg,72.712,66.58341979980469,32.06466596245659,6.128580200195316,8.428567774501204
278.jpg,72.712,66.51727294921875,32.28075415237596,6.194727050781253,8.519538797971798
279.jpg,72.712,73.25984191894531,18.308108069980545,-0.5478419189453092,0.7534408611306376
280.jpg,72.712,73.2730712890625,20.272629988668328,-0.5610712890624967,0.771635065824756
281.jpg,72.712,66.57460021972656,30.86205025824429,6.137399780273441,8.440697244297283
282.jpg,72.712,66.64515686035156,32.49569585785814,6.066843139648441,8.343661485928651
287.jpg,77.259,74.44610595703125,18.928268960787513,2.8128940429687503,3.640862608846543
289.jpg,77.259,76.86328125,17.41175066002928,0.39571875000000034,0.512197608045665
286.jpg,77.259,76.76171875,17.79637527906722,0.49728125000000034,0.643654784555845
283.jpg,77.259,76.86328125,17.974303871104258,0.39571875000000034,0.512197608045665
285.jpg,77.259,76.88671875,17.1892657603382,0.37228125000000034,0.4818613365433158
284.jpg,77.259,76.90625,18.50690654087604,0.35275000000000034,0.45658111029135806
288.jpg,77.259,74.43580627441406,19.655002997459633,2.823193725585938,3.654193978159098
290.jpg,77.259,76.9140625,17.204761833259763,0.34493750000000034,0.446469019790575
8.jpg,80.999,74.53125,38.98151076566609,6.467749999999995,7.984975123149662
295.jpg,83.779,80.09033203125,25.22460791059741,3.6886679687499964,4.402855093460171
296.jpg,83.779,80.17437744140625,20.349636785227272,3.6046225585937464,4.30253710189158
297.jpg,83.779,80.15460205078125,24.456475304153795,3.6243979492187464,4.326141335201837
298.jpg,83.779,80.110107421875,25.159170091200473,3.6688925781249964,4.379250860149915
293.jpg,83.779,79.17778015136719,15.89162156368852,4.601219848632809,5.492092109756394
292.jpg,83.779,80.1397705078125,25.54085554303982,3.6392294921874964,4.343844510184529
294.jpg,83.779,79.16896057128906,16.04461626355202,4.610039428710934,5.50261930640248
291.jpg,83.779,80.08538818359375,21.15866801998558,3.6936118164062464,4.408756151787735
306.jpg,83.822,81.44203186035156,20.171119838137695,2.3799681396484402,2.839312041765217
303.jpg,83.822,80.72808837890625,19.235247882124934,3.0939116210937527,3.691049630280538
304.jpg,83.822,80.5748291015625,17.880848762036322,3.2471708984375027,3.8738885954015685
302.jpg,83.822,81.45855712890625,20.175212726843434,2.3634428710937527,2.819597326589383
301.jpg,83.822,81.57974243164062,19.456435317835965,2.2422575683593777,2.6750227486332676
300.jpg,83.822,81.50262451171875,20.10641858900301,2.3193754882812527,2.7670247527871594
299.jpg,83.822,81.53567504882812,18.730734238648513,2.2863249511718777,2.7275953224354916
305.jpg,83.822,81.48609924316406,21.194380125796535,2.3359007568359402,2.786739467962993
314.jpg,84.063,80.70941162109375,14.044148878551809,3.3535883789062524,3.9893750864307154
312.jpg,84.063,80.77000427246094,7.983376534112912,3.292995727539065,3.9172950376968045
311.jpg,84.063,79.675048828125,14.618027429443268,4.387951171875002,5.219836517701013
310.jpg,84.063,79.66021728515625,14.06480083628222,4.402782714843752,5.237479883948648
309.jpg,84.063,80.60475158691406,13.458410359707354,3.45824841308594,4.113876988789289
308.jpg,84.063,80.73695373535156,11.047244329884625,3.32604626464844,3.956611427915301
307.jpg,84.063,80.69288635253906,12.379787836419926,3.37011364746094,4.009033281539963
313.jpg,84.063,80.71492004394531,13.69321615849659,3.34807995605469,3.9828223547276322
9.jpg,84.841,77.49453735351562,11.928703492031284,7.346462646484369,8.659094832079266
315.jpg,84.957,83.22596740722656,20.185491170161267,1.7310325927734311,2.037539688046225
316.jpg,84.957,83.03193664550781,18.813743722209004,1.9250633544921811,2.265926709384961
317.jpg,84.957,83.19068908691406,19.563684135682685,1.7663109130859311,2.079064601016904
318.jpg,84.957,86.22021484375,25.2728460183538,-1.2632148437500064,1.4868873003401797
319.jpg,84.957,86.074951171875,25.556593413573573,-1.1179511718750064,1.315902364578559
320.jpg,84.957,85.47405242919922,19.665279965783494,-0.5170524291992251,0.6086048579860696
321.jpg,84.957,83.05839538574219,20.180333191927012,1.8986046142578061,2.2347830246569513
322.jpg,84.957,83.1510009765625,18.757432265086116,1.8059990234374936,2.1257801281089184
330.jpg,85.547,85.2099609375,44.53913819010973,0.33703906249999704,0.39398115947958084
327.jpg,85.547,77.05810546875,38.59594010732582,8.488894531249997,9.923076824727923
324.jpg,85.547,160.238525390625,50.590561976948855,-74.691525390625,87.3105139755047
323.jpg,85.547,160.174072265625,50.81772229921465,-74.627072265625,87.23517161984056
325.jpg,85.547,80.44287109375,44.7157490650138,5.104128906249997,5.966461601517292
326.jpg,85.547,77.113037109375,40.24653407047407,8.433962890624997,9.858864589786897
328.jpg,85.547,85.19677734375,44.04908969540214,0.35022265624999704,0.40939209586542724
329.jpg,85.547,160.21435546875,50.456839097192564,-74.66735546875,87.28226059213064
338.jpg,86.034,81.67889404296875,14.039172816057853,4.355105957031256,5.062075408595736
331.jpg,86.034,81.81109619140625,10.160692177912043,4.222903808593756,4.90841273054113
332.jpg,86.034,81.78355407714844,10.1627182056645,4.2504459228515685,4.940425788469173
333.jpg,86.034,81.7890625,12.393003157203815,4.244937500000006,4.9340231768835645
334.jpg,86.034,80.5550537109375,8.756924306379059,5.478946289062506,6.368350058189211
335.jpg,86.034,80.4957275390625,10.895060705524909,5.538272460937506,6.4373067170392
337.jpg,86.034,81.78355407714844,12.843010353182827,4.2504459228515685,4.940425788469173
336.jpg,86.034,81.84965515136719,10.170932162589667,4.1843448486328185,4.86359444944187
339.jpg,96.09,96.83837890625,13.40341093460502,-0.7483789062499966,0.77883120642106
345.jpg,96.09,96.7041015625,17.333856829407296,-0.6141015624999966,0.6390899807472126
344.jpg,96.09,95.68681335449219,17.334976410111913,0.4031866455078159,0.41959272089480265
343.jpg,96.09,95.71986389160156,13.05870552099613,0.3701361083984409,0.3851973237573534
342.jpg,96.09,96.7529296875,16.285411414127832,-0.6629296874999966,0.6899049719013389
341.jpg,96.09,96.856689453125,16.662019471553823,-0.7666894531249966,0.7978868281038575
340.jpg,96.09,96.7041015625,13.920283609303572,-0.6141015624999966,0.6390899807472126
346.jpg,96.09,96.759033203125,14.22669763897135,-0.6690332031249966,0.6962568457956047
10.jpg,97.013,98.63932800292969,11.618947271293013,-1.6263280029296823,1.676402134692961
347.jpg,98.599,104.68206787109375,24.960275405243163,-6.083067871093746,6.16950260255555
348.jpg,98.599,104.76469421386719,25.56766440288787,-6.165694213867184,6.253302988739423
350.jpg,98.599,103.18798828125,15.805406122941069,-4.588988281249996,4.654193532642315
351.jpg,98.599,104.69859313964844,25.551532536184332,-6.099593139648434,6.186262679792324
352.jpg,98.599,103.128662109375,16.17393605890319,-4.529662109374996,4.5940243910942264
349.jpg,98.599,104.73164367675781,22.375723090220184,-6.132643676757809,6.219782834265873
354.jpg,98.599,104.68206787109375,22.365131310500416,-6.083067871093746,6.16950260255555
353.jpg,98.599,104.61045837402344,24.943200916700317,-6.011458374023434,6.096875601196192
0.jpg,100.473,95.35289001464844,46.38065652190482,5.1201099853515615,5.096005877550747
11.jpg,101.217,100.70809936523438,9.937467881377431,0.5089006347656237,0.5027817804969755
12.jpg,101.217,100.73501586914062,17.134358218702804,0.48198413085937375,0.4761889118027345
13.jpg,101.217,100.87632751464844,9.578753181709256,0.34067248535156125,0.3365763511579688
14.jpg,101.217,99.444580078125,11.016235754287631,1.7724199218749987,1.7511089262426263
15.jpg,101.217,99.395751953125,11.822713772758352,1.8212480468749987,1.7993499578875078
16.jpg,101.217,100.73501586914062,9.943631670681407,0.48198413085937375,0.4761889118027345
17.jpg,101.217,100.86959838867188,10.560877823569534,0.34740161132812375,0.3432245683315291
18.jpg,101.217,101.01763916015625,10.563843600297233,0.19936083984374875,0.19696379051320306
26.jpg,104.478,103.009033203125,11.016071264558171,1.4689667968749944,1.406005854701463
25.jpg,104.478,103.3935546875,7.647479044036178,1.0844453124999944,1.0379652295219994
24.jpg,104.478,103.2470703125,16.762323517893012,1.2309296874999944,1.1781711819713188
23.jpg,104.478,101.77912902832031,9.358557580448108,2.698870971679682,2.5831954781673483
19.jpg,104.478,103.21044921875,11.620017328196983,1.2675507812499944,1.2132226700836488
21.jpg,104.478,103.057861328125,10.108791594265044,1.4201386718749944,1.3592705372183564
20.jpg,104.478,103.265380859375,8.494170727393128,1.2126191406249944,1.1606454379151538
22.jpg,104.478,101.80667114257812,8.383338843168175,2.6713288574218694,2.5568338381495335
32.jpg,107.84,114.1612548828125,10.30367168009985,-6.321254882812497,5.861697777088739
34.jpg,107.84,114.25726318359375,10.140564749321046,-6.417263183593747,5.950726245914082
33.jpg,107.84,114.08001708984375,7.4845367925141,-6.240017089843747,5.786365995774988
31.jpg,107.84,114.176025390625,10.446121987375168,-6.336025390624997,5.87539446460033
27.jpg,107.84,114.2794189453125,7.569192618611847,-6.439418945312497,5.971271277181469
29.jpg,107.84,115.3641357421875,14.815507678326812,-7.524135742187497,6.977128841049236
28.jpg,107.84,114.19818115234375,11.67540907623978,-6.358181152343747,5.895939495867717
30.jpg,107.84,115.33721923828125,14.71400565666783,-7.497219238281247,6.952169174964064
35.jpg,109.973,117.40306091308594,16.636489432683813,-7.4300609130859385,6.756259184605256
36.jpg,109.973,117.58474731445312,11.871245100408478,-7.611747314453126,6.921469191940864
37.jpg,109.973,117.42324829101562,17.568116681771052,-7.450248291015626,6.77461585208699
38.jpg,109.973,117.022705078125,15.775246467005797,-7.049705078125001,6.410396259195441
39.jpg,109.973,117.120361328125,18.665798411059352,-7.147361328125001,6.499196464700427
40.jpg,109.973,117.55110168457031,15.333479359109342,-7.5781016845703135,6.890874746137973
41.jpg,109.973,117.17427062988281,16.373990672368087,-7.2012706298828135,6.5482169531456025
42.jpg,109.973,117.26174926757812,18.087998417195756,-7.288749267578126,6.627762512233118
48.jpg,114.833,109.04541015625,5.216179172964532,5.787589843749998,5.040005785575573
50.jpg,114.833,109.130859375,10.796826700764559,5.702140624999998,4.965594058328179
49.jpg,114.833,108.935546875,18.224542166540008,5.897453124999998,5.135678006322223
47.jpg,114.833,108.21847534179688,26.774220656391506,6.614524658203123,5.7601252760122295
43.jpg,114.833,109.149169921875,11.075610742399872,5.683830078124998,4.949648688203738
45.jpg,114.833,109.051513671875,10.765037129099062,5.781486328124998,5.0346906622007594
44.jpg,114.833,108.89892578125,15.837270487835166,5.934074218749998,5.167568746571106
46.jpg,114.833,107.98712158203125,22.15528422402757,6.845878417968748,5.961595027534549
51.jpg,119.387,119.38142395019531,16.597714509942865,0.005576049804687955,0.004670566983581089
52.jpg,119.387,119.09880065917969,12.422499275549528,0.28819934082031295,0.24139926526364927
53.jpg,119.387,119.13917541503906,12.391473126169187,0.24782458496093795,0.2075808797950681
54.jpg,119.387,119.50927734375,18.592898072397162,-0.12227734374999955,0.10242098700025928
55.jpg,119.387,119.04296875,24.708435609706992,0.34403125000000045,0.28816474993089736
56.jpg,119.387,119.10400390625,15.294529237508875,0.28299609375000045,0.23704096237446326
57.jpg,119.387,119.36796569824219,18.953711949203228,0.019034301757812955,0.015943362139774812
58.jpg,119.387,119.40834045410156,14.42978119333456,-0.021340454101562045,0.017875023328806357
66.jpg,125.983,119.63040161132812,13.961181565577974,6.352598388671879,5.042425080107538
65.jpg,125.983,119.51600646972656,19.951158965430288,6.466993530273442,5.13322712609911
64.jpg,125.983,119.30740356445312,14.643784941923682,6.675596435546879,5.298807327613153
63.jpg,125.983,116.69921875,17.13997684142394,9.283781250000004,7.369074597366314
62.jpg,125.983,116.63818359375,17.906743267906414,9.344816406250004,7.417521734083173
60.jpg,125.983,119.98031616210938,19.901949419692368,6.002683837890629,4.764677645309787
59.jpg,125.983,119.35450744628906,15.403125131195049,6.628492553710942,5.261418249851917
61.jpg,125.983,119.48908996582031,15.456010199758785,6.493910034179692,5.154592313391245
1.jpg,127.88,131.06346130371094,14.227712812602853,-3.183461303710942,2.4894129681818438
67.jpg,129.532,137.1357421875,40.76429209293059,-7.603742187499989,5.870165046088989
68.jpg,129.532,137.1181640625,40.75906690648018,-7.586164062499989,5.856594557715459
69.jpg,129.532,136.93359375,39.30166741969268,-7.401593749999989,5.714104429793402
70.jpg,129.532,131.81201171875,47.339285658828864,-2.2800117187499893,1.7601918589614838
71.jpg,129.532,131.88150024414062,48.033836145785074,-2.3495002441406143,1.813837695813092
72.jpg,129.532,136.9248046875,38.62791545376273,-7.392804687499989,5.707319185606637
73.jpg,129.532,137.267578125,38.07675798366187,-7.735578124999989,5.971943708890459
74.jpg,129.532,137.232421875,37.59671498654619,-7.700421874999989,5.944802732143399
75.jpg,131.977,139.3774871826172,41.58218799419531,-7.400487182617184,5.607406731943584
77.jpg,131.977,139.23219299316406,39.75075322811161,-7.255192993164059,5.497316193855034
76.jpg,131.977,139.1999053955078,40.23156327002934,-7.222905395507809,5.472851629835356
79.jpg,131.977,134.75234985351562,36.299810193250615,-2.775349853515621,2.102904182937649
80.jpg,131.977,139.1595458984375,39.31288422428815,-7.182545898437496,5.442270924810759
81.jpg,131.977,139.22412109375,39.471742797002356,-7.247121093749996,5.491200052850115
82.jpg,131.977,139.15147399902344,41.995235238929254,-7.174473999023434,5.43615478380584
78.jpg,131.977,134.80169677734375,36.62165147325364,-2.824696777343746,2.14029473116054
83.jpg,134.043,126.0211181640625,14.35208900659208,8.021881835937506,5.984558563996259
84.jpg,134.043,125.684814453125,12.92935976398059,8.358185546875006,6.23545097235589
85.jpg,134.043,126.00372314453125,15.148446261753275,8.039276855468756,5.997535757532103
86.jpg,134.043,125.31719970703125,15.012075060753594,8.725800292968756,6.509702329080039
87.jpg,134.043,125.731201171875,12.381791726340388,8.311798828125006,6.200845122926975
88.jpg,134.043,125.10324096679688,14.949024634061724,8.939759033203131,6.669321809570906
89.jpg,134.043,125.86456298828125,14.598227434256378,8.178437011718756,6.101353305818846
90.jpg,134.043,126.0443115234375,14.071028573942494,7.998688476562506,5.967255639281802
98.jpg,135.637,141.60687255859375,20.26996616201336,-5.9698725585937495,4.401359922877791
97.jpg,135.637,142.0653076171875,21.612540873454066,-6.4283076171874995,4.739346651125799
96.jpg,135.637,141.75555419921875,20.291248828383488,-6.1185541992187495,4.510977240147415
94.jpg,135.637,140.38055419921875,8.39947792144523,-4.7435541992187495,3.4972420498969674
93.jpg,135.637,141.97857666015625,26.012037657679752,-6.3415766601562495,4.675403216051851
92.jpg,135.637,142.05291748046875,21.610655949254387,-6.4159174804687495,4.730211874686663
91.jpg,135.637,141.544921875,23.743884151929663,-5.9079218749999995,4.355686040682114
95.jpg,135.637,140.40280151367188,10.587571559790643,-4.7658015136718745,3.5136441484785674
99.jpg,138.338,146.37582397460938,33.787176966002015,-8.037823974609381,5.810279152951019
100.jpg,138.338,146.38389587402344,32.14808923537309,-8.045895874023444,5.816114064120809
101.jpg,138.338,146.3031768798828,31.72912715052523,-7.965176879882819,5.75776495242292
102.jpg,138.338,146.32403564453125,30.05690352232999,-7.986035644531256,5.772843068810635
103.jpg,138.338,146.07293701171875,27.605303132504666,-7.734937011718756,5.591332108111117
104.jpg,138.338,146.44847106933594,31.01881156703859,-8.110471069335944,5.862793353479119
105.jpg,138.338,146.0448760986328,33.89685928983001,-7.706876098632819,5.571047794989677
106.jpg,138.338,146.35968017578125,30.856394904117924,-8.021680175781256,5.798609330611442
112.jpg,138.73,141.087890625,37.358617317432696,-2.3578906250000102,1.699625621711245
113.jpg,138.73,140.91064453125,37.611475429092,-2.1806445312500102,1.5718622729402512
111.jpg,138.73,140.94757080078125,32.844780404433095,-2.2175708007812602,1.5984796372675414
114.jpg,138.73,140.97711181640625,37.71787569247138,-2.2471118164062602,1.619773528729374
109.jpg,138.73,141.33856201171875,13.694027506487767,-2.6085620117187602,1.8803157296322068
108.jpg,138.73,141.00665283203125,37.479327246628735,-2.2766528320312602,1.6410674201912063
107.jpg,138.73,141.16912841796875,33.7090921689067,-2.4391284179687602,1.758183823231284
110.jpg,138.73,141.40585327148438,12.25210730249284,-2.6758532714843852,1.928820926608798
115.jpg,144.27,141.86343383789062,46.295919075186056,2.4065661621093852,1.668098816184505
116.jpg,144.27,141.95091247558594,48.086888984250365,2.3190875244140727,1.6074634535343957
117.jpg,144.27,141.89035034179688,44.98017800586307,2.3796496582031352,1.6494417815229325
118.jpg,144.27,134.24896240234375,25.62993407734324,10.02103759765626,6.946030080859679
119.jpg,144.27,141.91726684570312,45.04986371486141,2.3527331542968852,1.6307847468613605
120.jpg,144.27,134.266357421875,21.73550775467658,10.00364257812501,6.933972813561384
121.jpg,144.27,142.07876586914062,48.9827852906494,2.1912341308593852,1.5188425388919284
122.jpg,144.27,141.6548309326172,47.16214616401187,2.6151690673828227,1.8126908348116884
2.jpg,161.82,158.6612548828125,23.46276216654628,3.158745117187493,1.9520115666712974
129.jpg,169.007,165.6512451171875,21.44903321114,3.355754882812505,1.9855715342042075
128.jpg,169.007,165.3262939453125,19.464893103141993,3.680706054687505,2.17784237024946
130.jpg,169.007,165.0308837890625,13.572522415927871,3.976116210937505,2.352634039381508
126.jpg,169.007,166.9563446044922,19.130330036888864,2.0506553955078175,1.213355302151874
125.jpg,169.007,165.64385986328125,21.818786095705736,3.363140136718755,1.9899413259325087
124.jpg,169.007,165.3558349609375,18.472163801320377,3.651165039062505,2.160363203336255
123.jpg,169.007,165.55523681640625,19.466365313583264,3.451763183593755,2.042378826672123
127.jpg,169.007,166.9025115966797,23.924305182485437,2.1044884033203175,1.2452078335928791
137.jpg,180.049,178.1015625,90.50304776322047,1.9474375000000066,1.0816152825064325
136.jpg,180.049,178.13671875,95.18183920256385,1.9122812500000066,1.0620893478997422
138.jpg,180.049,178.27734375,93.23329044965553,1.7716562500000066,0.9839856094729805
134.jpg,180.049,164.69854736328125,37.55463586132804,15.350452636718757,8.52570835534702
133.jpg,180.049,178.330078125,96.7985637965442,1.7189218750000066,0.9546967075629449
132.jpg,180.049,178.0048828125,92.26714061783296,2.0441171875000066,1.135311602674831
131.jpg,180.049,178.3125,89.7851984224056,1.7365000000000066,0.9644596748662901
135.jpg,180.049,164.58038330078125,37.52769203935677,15.468616699218757,8.591337191108396
3.jpg,190.003,183.08682250976562,58.066076833258364,6.916177490234361,3.6400359416611114
139.jpg,194.683,183.86328125,91.65797852096192,10.819718749999993,5.557608394158706
140.jpg,194.683,183.44970703125,89.77435096719623,11.233292968749993,5.770043079647423
141.jpg,194.683,183.70819091796875,91.74368430036893,10.974809082031243,5.6372714012169745
142.jpg,194.683,174.5343017578125,92.53064173048679,20.148698242187493,10.349490321285112
143.jpg,194.683,174.77142333984375,87.40739244198843,19.911576660156243,10.22769150884065
144.jpg,194.683,183.5531005859375,81.10893860557758,11.129899414062493,5.716934408275244
145.jpg,194.683,183.7598876953125,87.46523014893431,10.923112304687493,5.610717065530886
146.jpg,194.683,183.81158447265625,91.58071830188459,10.871415527343743,5.584162729844795
